model,train,validation,test
Logistic Regression (lbfgs),0.8746438746438746,0.8418803418803419,0.8547008547008547
Random Forest,0.9985754985754985,0.8675213675213675,0.8760683760683761
SVM,0.8888888888888888,0.8846153846153846,0.8760683760683761
